{"stats":{"minecraft:crafted":{"minecraft:leather_chestplate":1},"minecraft:used":{"minecraft:leather_leggings":7,"minecraft:iron_pickaxe":21,"minecraft:leather_helmet":11,"minecraft:leather_chestplate":8,"minecraft:zombie_spawn_egg":1,"minecraft:leather_boots":18,"minecraft:crafting_table":2},"minecraft:picked_up":{"minecraft:leather_chestplate":1,"minecraft:crafting_table":1,"minecraft:sandstone":100,"minecraft:andesite":257,"minecraft:leather_leggings":1,"minecraft:gravel":37,"minecraft:flint":4,"minecraft:sand":175,"minecraft:diorite":72,"minecraft:dirt":77,"minecraft:leather_helmet":1,"minecraft:raw_copper":23,"minecraft:leather_boots":1,"minecraft:granite":168,"minecraft:coal":11,"minecraft:cobblestone":1156},"minecraft:mined":{"minecraft:andesite":6,"minecraft:granite":3,"minecraft:sand":1,"minecraft:stone":10,"minecraft:diorite":1},"minecraft:dropped":{"minecraft:gravel":37,"minecraft:leather_chestplate":3,"minecraft:raw_copper":2,"minecraft:crafting_table":1,"minecraft:leather_boots":9,"minecraft:leather_leggings":2,"minecraft:cobblestone":452,"minecraft:sandstone":70,"minecraft:sand":130,"minecraft:granite":13,"minecraft:iron_pickaxe":13,"minecraft:leather_helmet":5,"minecraft:flint":4},"minecraft:custom":{"minecraft:time_since_rest":128931,"minecraft:sprint_one_cm":13366,"minecraft:damage_taken":210,"minecraft:walk_one_cm":56744,"minecraft:drop":50,"minecraft:damage_dealt":91,"minecraft:swim_one_cm":468,"minecraft:interact_with_crafting_table":10,"minecraft:fly_one_cm":12145,"minecraft:crouch_one_cm":65,"minecraft:play_time":128931,"minecraft:sneak_time":87,"minecraft:walk_under_water_one_cm":1129,"minecraft:jump":87,"minecraft:leave_game":4,"minecraft:time_since_death":128931,"minecraft:walk_on_water_one_cm":2187,"minecraft:total_world_time":128931,"minecraft:fall_one_cm":3799}},"DataVersion":3465}