{"stats":{"minecraft:picked_up":{"minecraft:crafting_table":1,"minecraft:leather_boots":1,"minecraft:leather_chestplate":1,"minecraft:leather_leggings":1,"minecraft:leather_helmet":1},"minecraft:dropped":{"minecraft:leather_leggings":2,"minecraft:leather_chestplate":3,"minecraft:crafting_table":1,"minecraft:leather_helmet":5,"minecraft:leather_boots":9},"minecraft:used":{"minecraft:leather_leggings":7,"minecraft:crafting_table":2,"minecraft:leather_helmet":11,"minecraft:leather_chestplate":8,"minecraft:zombie_spawn_egg":1,"minecraft:leather_boots":18},"minecraft:custom":{"minecraft:time_since_rest":49979,"minecraft:sprint_one_cm":5895,"minecraft:play_time":49979,"minecraft:damage_taken":210,"minecraft:walk_one_cm":15184,"minecraft:sneak_time":32,"minecraft:drop":20,"minecraft:jump":56,"minecraft:damage_dealt":91,"minecraft:leave_game":3,"minecraft:time_since_death":49979,"minecraft:total_world_time":49979,"minecraft:interact_with_crafting_table":9,"minecraft:fall_one_cm":2574,"minecraft:fly_one_cm":8964},"minecraft:crafted":{"minecraft:leather_chestplate":1}},"DataVersion":3465}